Level,Performance Score,Hire Date,Salary
Principal,3,2009-04-18,219192.0
Principal,3,2021-02-07,218327.49
Principal,3,2023-12-15,232113.37
Principal,4,2021-11-12,223042.58
Principal,3,2024-04-07,210656.24
Principal,3,2014-07-10,210485.67
Principal,4,2022-02-03,237421.37
Principal,2,2022-09-25,207452.11
Principal,3,2022-08-16,231594.61
Principal,3,2024-04-06,217356.51
Principal,1,2019-12-04,176153.8
Principal,5,2016-05-12,250000.0
Principal,4,2018-07-20,233975.69
Principal,3,2023-10-25,214359.22
Principal,2,2023-11-25,207244.77
Principal,3,2023-08-21,229765.52
Principal,3,2024-02-26,206141.3
Principal,4,2019-10-28,233961.93
Principal,3,2017-09-28,205697.45
Principal,3,2009-04-26,217467.46
Principal,3,2023-03-23,221585.04
Principal,1,2018-01-23,197250.76
Principal,4,2019-01-02,241407.51
Principal,3,2017-04-09,231739.14
Principal,3,2020-07-14,223555.42
Principal,4,2019-10-25,244834.42
Principal,4,2020-03-29,239355.95
Principal,3,2012-06-10,205376.51
Principal,3,2023-02-28,220787.82
Principal,5,2022-04-17,243461.81
Principal,2,2014-07-19,209470.96
Principal,5,2021-05-19,250000.0
Principal,5,2022-02-07,243795.08
Principal,2,2021-07-23,190300.5
Principal,1,2019-01-18,179273.84
Principal,3,2023-03-05,216021.65
Principal,4,2010-10-09,221193.2
Principal,3,2022-08-28,233155.3
Principal,4,2022-05-02,223087.07
Principal,2,2020-11-05,186417.63
Principal,4,2017-02-16,227494.74
Principal,5,2023-01-28,250000.0
Principal,3,2017-06-20,204256.05
Principal,4,2014-03-16,225815.06
Principal,1,2021-03-20,193260.0
Principal,3,2021-10-03,228852.5
Principal,4,2023-01-13,228016.36
Principal,3,2023-09-02,208825.02
Principal,1,2010-05-18,170467.11
Principal,4,2019-10-02,245742.97
Principal,4,2022-11-09,219795.25
Principal,5,2020-12-09,250000.0
Principal,3,2015-05-20,213728.81
Principal,3,2022-12-16,228094.83
Principal,2,2023-11-10,200794.54
Principal,3,2019-10-20,232305.45
Principal,3,2018-09-04,229184.13
Principal,5,2019-06-20,247937.24
Principal,3,2020-08-20,202693.81
Principal,4,2023-12-04,248272.7
Principal,3,2021-08-09,211331.48
Principal,4,2022-04-09,218154.16
Principal,5,2021-09-22,250000.0
Principal,2,2024-01-26,212078.04
Principal,3,2020-06-30,229967.47
Principal,3,2019-05-14,215647.27
Principal,3,2016-12-11,201759.4
Principal,4,2023-03-14,238078.93
Principal,3,2023-09-01,207900.42
Principal,3,2020-11-22,216671.37
Principal,3,2020-12-15,226210.9
Principal,4,2013-02-23,235069.76
Principal,3,2024-02-03,229895.76
Principal,2,2009-04-18,198779.79
Principal,1,2022-09-02,180949.33
Principal,5,2021-08-26,250000.0
Principal,3,2024-01-19,231273.09
Principal,3,2017-05-19,230348.33
Principal,4,2016-04-19,239831.96
Principal,3,2024-03-21,200957.69
Principal,3,2022-02-28,213305.39
Principal,1,2021-03-09,187686.53
Principal,3,2017-01-25,218780.08
Principal,3,2024-03-30,221340.27
Principal,3,2023-05-27,227594.98
Principal,2,2018-05-19,191971.92
Principal,4,2022-08-28,238938.94
Principal,3,2017-08-18,230132.51
Principal,3,2023-10-15,218763.1
Principal,3,2021-11-25,212074.67
Principal,1,2009-04-18,174104.24
Principal,2,2024-03-02,191346.46
Principal,3,2021-08-07,227100.45
Principal,3,2019-07-08,215496.66
Principal,1,2022-11-30,182982.52
Principal,4,2009-04-18,243701.46
Principal,2,2021-03-16,214322.31
Principal,3,2022-08-13,202360.52
Principal,1,2017-10-19,189891.42
Principal,1,2016-09-26,178999.42
Senior,2,2022-06-12,157336.44
Senior,3,2016-04-16,164223.65
Senior,3,2022-04-15,153511.51
Senior,3,2022-05-10,155554.79
Senior,3,2024-01-08,170863.22
Senior,3,2020-05-18,161144.31
Senior,2,2022-05-24,150321.12
Senior,1,2023-05-05,137351.43
Senior,4,2024-03-05,169027.72
Senior,1,2019-01-17,137077.83
Senior,2,2021-06-07,155145.86
Senior,3,2016-04-16,152548.24
Senior,1,2022-05-01,139140.83
Senior,5,2020-07-22,182500.0
Senior,5,2018-08-07,182500.0
Senior,2,2022-10-18,153107.67
Senior,3,2023-10-19,166669.28
Senior,3,2019-09-30,166320.83
Senior,3,2016-09-15,163431.68
Senior,1,2016-04-16,135602.46
Senior,3,2022-11-25,155671.84
Senior,5,2023-01-30,178968.3
Senior,3,2016-04-16,158124.49
Senior,2,2023-05-24,159455.49
Senior,3,2024-04-06,156333.1
Senior,3,2024-03-17,161600.97
Senior,5,2023-07-02,172760.88
Senior,2,2023-06-28,145994.56
Senior,3,2022-08-31,167108.59
Senior,4,2020-04-21,168316.64
Senior,2,2023-06-24,159058.78
Senior,3,2023-12-31,164482.93
Senior,2,2023-07-19,147899.14
Senior,1,2023-07-29,151293.26
Senior,4,2022-01-13,181917.14
Senior,3,2016-12-18,153561.22
Senior,5,2018-08-28,180109.16
Senior,3,2019-08-11,165724.24
Senior,3,2022-05-09,165580.12
Senior,1,2021-04-15,138177.45
Senior,3,2020-10-28,171346.94
Senior,3,2021-09-06,156716.77
Senior,2,2024-03-31,154179.14
Senior,1,2021-07-26,144565.73
Senior,3,2023-10-15,154706.47
Senior,1,2021-02-24,151617.17
Senior,5,2023-05-31,182500.0
Senior,3,2023-02-13,167616.46
Senior,3,2022-10-31,156659.11
Senior,5,2017-01-02,182500.0
Senior,3,2019-06-25,168473.7
Senior,3,2022-05-17,159161.84
Senior,5,2023-10-17,180855.59
Senior,3,2017-11-01,167967.1
Senior,3,2022-08-01,165133.58
Senior,1,2023-10-11,146360.09
Senior,3,2022-03-15,154320.7
Senior,3,2023-12-19,161633.9
Senior,3,2023-02-28,159102.08
Senior,3,2024-01-03,157595.56
Senior,3,2019-05-06,164824.03
Senior,2,2023-11-05,156862.95
Senior,3,2019-05-14,170414.08
Senior,3,2021-07-09,154294.15
Senior,5,2023-11-09,179462.14
Senior,3,2023-02-01,170609.43
Senior,3,2021-01-11,155643.33
Senior,3,2021-03-20,156581.18
Senior,3,2020-01-14,166397.02
Senior,3,2023-07-02,154455.91
Senior,2,2023-12-21,161842.48
Senior,1,2017-01-26,140051.84
Senior,3,2023-04-12,152657.4
Senior,5,2022-12-21,173026.85
Senior,3,2019-10-30,172277.4
Senior,2,2017-01-06,145773.67
Senior,3,2019-12-13,152638.27
Senior,3,2024-03-26,158842.24
Senior,3,2018-09-16,170678.26
Senior,3,2022-02-08,166171.24
Senior,2,2023-07-21,161019.49
Senior,3,2020-12-09,163597.1
Senior,5,2018-09-04,180362.28
Senior,3,2021-12-02,159370.88
Senior,4,2024-03-22,164332.43
Senior,2,2023-07-14,155898.1
Senior,3,2023-01-20,171224.75
Senior,4,2018-08-08,170481.01
Senior,3,2022-08-11,170689.97
Senior,3,2022-01-02,156306.03
Senior,4,2020-08-03,176250.81
Senior,3,2020-01-12,169816.45
Senior,2,2023-12-17,154445.27
Senior,3,2023-07-25,161536.45
Senior,3,2022-05-06,168188.96
Senior,2,2023-05-04,154025.39
Senior,3,2022-07-18,160397.38
Senior,4,2021-08-22,173262.57
Senior,4,2020-11-17,163574.21
Senior,4,2022-09-06,170149.11
Senior,1,2022-06-02,152144.43
Senior,3,2019-03-11,166347.3
Senior,3,2021-11-25,164781.5
Senior,3,2021-10-05,159833.47
Senior,3,2020-10-07,164240.42
Senior,3,2020-09-12,153943.09
Senior,3,2021-08-15,156634.66
Senior,2,2024-01-16,153280.24
Senior,5,2021-01-19,182500.0
Senior,3,2024-03-20,170919.25
Senior,3,2021-03-05,163988.9
Senior,3,2023-02-14,161559.52
Senior,3,2023-01-26,167642.39
Senior,1,2021-12-11,146345.23
Senior,3,2020-10-09,154611.94
Senior,2,2020-10-19,160450.21
Senior,4,2023-12-30,169722.88
Senior,3,2022-09-08,164273.96
Senior,1,2020-01-25,133274.41
Senior,3,2019-03-04,154747.3
Senior,3,2023-04-21,153382.73
Senior,3,2021-11-22,153779.88
Senior,3,2023-12-25,160620.64
Senior,5,2021-11-16,182500.0
Senior,3,2019-01-31,161892.68
Senior,2,2022-01-05,151902.09
Senior,3,2023-03-22,169900.69
Senior,4,2020-01-19,175953.3
Senior,3,2017-10-11,167670.58
Senior,3,2017-05-14,170380.32
Senior,1,2022-11-01,148528.3
Senior,3,2021-04-21,163294.08
Senior,3,2022-10-01,165919.46
Senior,2,2023-06-24,150875.49
Senior,3,2023-10-14,160120.55
Senior,5,2023-09-12,177895.03
Senior,2,2020-11-23,156097.04
Senior,3,2022-03-16,164352.85
Senior,3,2016-04-16,166193.78
Senior,4,2023-03-04,179801.15
Senior,1,2023-05-02,145522.77
Senior,4,2022-05-10,182012.29
Senior,2,2023-04-01,157128.58
Senior,3,2023-08-25,153998.56
Senior,4,2022-11-18,180631.33
Senior,3,2018-10-03,172402.46
Senior,3,2022-03-25,157708.78
Senior,2,2022-06-30,160426.83
Senior,3,2020-11-27,167551.2
Senior,2,2022-05-22,146694.32
Senior,1,2024-01-27,142352.53
Senior,3,2018-05-09,155872.79
Senior,3,2021-08-16,164188.32
Senior,3,2023-01-22,170272.37
Senior,1,2023-07-01,147444.02
Senior,2,2022-03-18,162166.06
Senior,3,2021-05-29,162691.27
Senior,4,2022-06-25,179075.33
Senior,3,2024-02-07,161335.65
Senior,3,2022-12-01,170693.68
Senior,3,2023-01-08,168131.88
Senior,2,2022-10-17,153685.28
Senior,3,2024-02-07,163575.57
Senior,2,2023-05-09,151611.36
Senior,5,2019-12-15,179191.58
Senior,4,2023-09-27,166118.54
Senior,3,2023-09-30,166326.76
Senior,3,2023-02-16,169054.39
Senior,3,2023-04-03,154519.47
Senior,4,2023-09-29,167116.21
Senior,3,2021-06-05,171415.68
Senior,4,2022-05-02,178061.7
Senior,2,2024-02-02,160102.2
Senior,4,2024-04-01,163659.95
Senior,3,2023-06-15,171628.47
Senior,3,2024-04-12,163776.23
Senior,3,2022-12-12,158837.53
Senior,5,2022-11-04,182500.0
Senior,3,2021-03-31,170661.34
Senior,1,2023-05-16,152141.55
Senior,2,2023-12-10,159426.5
Senior,5,2023-06-12,178630.06
Senior,3,2023-06-26,154596.43
Senior,3,2023-02-08,166608.41
Senior,4,2018-05-23,171359.37
Senior,3,2018-11-14,168962.73
Senior,3,2023-11-03,156214.78
Senior,3,2022-09-25,159758.63
Senior,3,2021-09-03,160960.95
Senior,5,2023-11-19,175724.05
Senior,1,2023-06-28,140176.37
Senior,3,2019-03-14,165388.2
Senior,2,2024-03-15,158759.34
Senior,1,2023-08-02,137604.74
Senior,2,2023-11-16,151777.92
Senior,3,2023-02-23,156737.68
Senior,3,2024-02-01,166472.23
Senior,3,2022-09-13,167343.63
Senior,3,2023-11-17,166050.3
Senior,4,2019-10-05,175646.15
Senior,3,2021-10-30,165276.55
Senior,3,2017-12-07,154103.69
Senior,3,2021-04-22,162179.33
Senior,3,2017-12-09,158434.79
Senior,4,2023-12-10,180904.6
Senior,3,2022-12-12,167434.75
Senior,5,2023-09-25,182500.0
Senior,3,2016-04-16,159239.19
Senior,3,2018-08-26,164011.06
Senior,3,2019-08-25,161615.24
Senior,3,2023-02-22,163439.66
Senior,3,2024-03-12,168484.56
Senior,3,2016-04-16,167312.56
Senior,3,2023-11-13,153286.22
Senior,3,2016-04-16,162785.52
Senior,3,2021-01-01,169831.46
Senior,1,2021-03-07,150600.14
Senior,3,2020-08-22,164880.96
Senior,3,2020-10-17,159341.13
Senior,3,2023-06-15,157579.48
Senior,5,2024-01-20,182045.17
Senior,4,2020-10-04,173730.18
Senior,3,2023-12-05,166698.44
Senior,3,2021-03-08,161851.15
Senior,4,2021-12-08,174658.06
Senior,5,2023-11-30,180035.49
Senior,3,2017-12-22,171794.4
Senior,5,2023-06-09,182500.0
Senior,3,2023-11-19,171640.9
Senior,4,2023-12-26,176108.98
Senior,1,2023-06-02,135778.0
Senior,2,2024-02-26,153380.07
Senior,3,2022-06-22,162833.91
Senior,1,2023-10-16,134032.39
Senior,5,2022-07-18,182500.0
Senior,3,2022-01-16,170016.83
Senior,3,2019-06-13,162299.17
Senior,3,2018-09-24,158128.17
Senior,5,2023-09-21,182500.0
Senior,3,2023-08-23,162455.68
Senior,3,2023-02-02,158270.51
Senior,1,2022-10-30,147151.45
Senior,3,2023-04-18,171927.69
Senior,3,2022-03-07,158748.07
Senior,3,2024-04-02,167668.97
Senior,4,2018-06-14,177170.02
Senior,4,2023-03-31,173679.29
Senior,3,2023-12-29,172363.13
Senior,4,2019-03-24,170698.65
Senior,3,2016-04-16,168358.67
Senior,3,2023-11-15,154712.66
Senior,3,2021-12-08,159351.8
Senior,3,2023-05-13,168087.05
Senior,3,2019-03-31,156521.33
Senior,3,2021-06-06,170486.02
Senior,3,2024-02-08,160587.7
Senior,5,2018-09-25,174121.54
Senior,3,2020-03-30,157429.85
Senior,3,2022-11-05,154043.67
Senior,3,2023-11-03,161920.23
Senior,4,2023-09-23,165943.24
Senior,5,2019-03-04,177371.26
Senior,3,2018-03-11,165630.47
Senior,4,2022-08-02,172641.66
Senior,4,2024-01-23,177340.12
Senior,2,2023-12-21,150446.44
Senior,3,2019-07-17,171898.89
Senior,4,2023-09-25,182244.99
Senior,4,2023-07-09,174109.59
Senior,3,2023-12-05,164009.81
Senior,3,2016-07-07,171385.2
Senior,3,2017-04-18,169926.21
Senior,3,2024-02-18,172079.82
Senior,3,2023-10-08,165920.1
Senior,3,2021-04-30,166470.52
Senior,3,2018-12-21,161486.05
Senior,2,2020-11-23,153500.09
Senior,3,2016-04-16,157918.27
Senior,2,2021-06-29,160120.51
Senior,4,2023-10-12,164309.11
Senior,3,2022-08-26,153280.31
Senior,1,2020-08-20,146136.29
Senior,2,2023-07-20,160224.43
Senior,3,2021-04-25,171543.48
Senior,3,2024-04-02,164974.74
Senior,1,2021-12-29,144818.17
Senior,2,2021-07-12,149096.09
Senior,3,2022-01-28,154196.01
Senior,3,2024-02-14,155164.06
Senior,1,2022-05-31,138939.52
Senior,3,2020-10-24,160430.0
Senior,3,2023-01-30,160908.04
Senior,3,2023-03-15,156887.84
Senior,3,2022-04-07,153674.45
Senior,1,2017-04-02,139470.3
Senior,5,2024-04-01,177681.11
Senior,4,2017-08-24,166404.04
Senior,2,2017-11-17,159664.25
Senior,2,2021-10-04,151415.23
Senior,2,2019-05-06,160396.05
Senior,2,2022-11-16,154796.34
Senior,5,2020-05-11,181136.81
Senior,3,2022-02-11,155269.51
Senior,2,2022-04-07,143125.18
Senior,3,2023-01-07,153564.61
Senior,3,2020-08-05,155577.3
Senior,4,2023-06-26,172349.23
Senior,5,2021-10-09,182500.0
Senior,3,2018-02-01,164747.29
Senior,3,2022-10-24,172011.86
Senior,3,2018-11-29,153908.67
Senior,3,2023-03-20,154554.22
Senior,3,2023-06-24,162374.37
Senior,4,2023-01-14,176784.31
Senior,3,2016-04-16,170853.71
Senior,3,2022-05-15,162469.9
Senior,3,2023-04-25,166357.67
Senior,3,2022-06-04,160243.65
Senior,3,2020-02-22,172258.55
Senior,3,2019-05-22,166349.66
Senior,3,2019-02-06,168427.08
Senior,5,2022-05-25,182500.0
Senior,3,2021-03-11,154537.08
Senior,3,2019-11-16,160629.87
Senior,1,2020-02-16,137460.31
Senior,3,2017-03-22,155678.29
Senior,3,2022-06-28,168265.73
Senior,1,2023-02-26,145454.49
Senior,3,2019-06-04,160939.91
Senior,3,2020-11-03,169358.4
Senior,3,2018-02-28,166025.2
Senior,1,2018-12-24,138304.3
Senior,1,2023-05-30,139371.21
Senior,3,2016-04-16,168289.7
Senior,3,2024-01-09,157765.59
Senior,1,2023-02-09,134118.36
Senior,3,2020-08-04,168121.35
Senior,3,2020-02-10,166979.6
Senior,5,2021-05-03,182500.0
Senior,3,2023-04-28,167409.02
Senior,4,2023-03-04,180328.02
Senior,2,2021-01-09,149478.87
Senior,3,2023-01-28,155759.24
Senior,2,2022-11-07,144963.55
Senior,2,2021-11-06,153001.01
Senior,2,2022-06-03,155458.21
Senior,3,2022-07-14,172023.12
Senior,3,2021-12-22,156203.47
Senior,1,2022-02-16,134484.27
Senior,3,2023-05-09,169322.47
Senior,4,2024-02-09,166009.49
Senior,3,2020-07-08,153551.92
Senior,3,2023-07-15,165178.08
Senior,1,2016-04-16,137785.98
Senior,3,2022-12-12,165460.72
Senior,3,2022-04-16,155319.48
Senior,4,2022-08-27,171890.96
Senior,3,2023-06-16,170493.38
Senior,5,2020-08-26,182500.0
Senior,2,2022-03-24,159711.3
Senior,4,2023-08-20,177895.52
Senior,2,2024-03-21,162270.48
Senior,3,2019-10-13,168830.79
Senior,2,2022-10-29,152416.66
Senior,4,2023-03-09,182080.34
Senior,5,2023-02-06,173624.37
Senior,3,2023-02-09,160401.52
Senior,3,2024-02-11,171729.25
Senior,4,2016-10-27,169389.39
Senior,2,2023-06-13,154428.96
Senior,5,2020-09-06,177653.77
Senior,3,2021-01-03,168421.57
Senior,5,2024-01-18,179087.45
Senior,3,2018-08-30,165180.98
Senior,5,2016-12-30,182500.0
Senior,3,2023-01-25,158489.35
Senior,4,2021-10-03,163040.83
Senior,2,2023-08-11,147065.35
Senior,3,2020-09-28,152900.43
Senior,2,2019-07-14,153811.33
Senior,3,2023-03-03,152640.37
Senior,3,2016-12-03,169448.37
Senior,3,2020-04-24,156644.32
Senior,1,2018-11-28,141271.43
Senior,3,2016-04-16,157570.76
Senior,3,2023-06-09,170845.88
Senior,3,2023-05-24,152791.49
Senior,2,2020-05-12,148847.5
Senior,3,2023-10-25,172461.55
Senior,2,2017-05-13,157972.44
Senior,4,2023-05-06,163256.62
Senior,1,2021-03-06,133921.58
Senior,3,2018-07-17,165815.36
Senior,3,2021-12-16,170972.15
Senior,3,2023-01-26,167646.63
Senior,2,2022-05-08,150644.11
Senior,3,2022-07-05,157909.02
Senior,4,2019-12-29,168913.67
Senior,5,2023-10-31,178367.38
Senior,1,2023-12-22,148949.06
Senior,4,2021-12-17,180765.09
Senior,3,2022-01-07,172273.91
Senior,5,2023-01-09,182500.0
Senior,2,2023-02-08,158033.31
Senior,3,2023-07-07,161519.45
Senior,4,2022-06-16,177410.84
Senior,3,2022-06-23,171964.87
Senior,5,2016-10-12,182500.0
Senior,5,2022-03-23,182500.0
Senior,4,2023-08-26,166470.05
Senior,1,2021-04-18,141549.67
Senior,4,2020-07-23,167177.74
Senior,2,2018-10-19,147142.28
Senior,3,2022-02-06,170765.87
Senior,1,2020-06-15,140330.54
Senior,5,2023-09-20,182500.0
Senior,4,2022-10-13,168946.06
Senior,4,2016-04-16,182364.08
Senior,4,2024-02-19,162759.45
Senior,3,2021-11-01,156534.75
Senior,4,2023-10-05,175059.44
Senior,2,2023-02-11,143569.27
Senior,5,2021-02-27,181039.06
Senior,5,2022-04-04,182500.0
Senior,2,2024-03-29,159945.15
Senior,4,2022-10-04,164123.83
Senior,3,2017-07-29,162458.88
Senior,3,2022-01-03,154860.32
Senior,4,2021-12-10,166260.68
Senior,1,2022-06-10,152117.32
Senior,3,2019-03-03,160202.1
Senior,4,2016-04-16,170133.14
Senior,3,2020-08-23,157862.67
Senior,2,2021-12-21,161601.71
Senior,5,2018-03-22,182500.0
Senior,4,2016-07-23,168089.78
Senior,3,2023-01-31,155619.16
Senior,2,2024-03-31,156986.13
Senior,4,2020-06-30,171677.35
Senior,3,2023-10-15,153510.55
Senior,4,2022-12-15,168605.13
Senior,5,2019-12-15,182500.0
Senior,3,2023-06-03,155266.93
Senior,3,2017-08-16,163994.09
Senior,3,2022-05-05,165872.98
Senior,3,2023-08-30,164353.02
Senior,3,2023-11-23,164386.69
Senior,3,2023-10-22,153563.81
Senior,4,2021-02-25,181719.2
Senior,3,2023-08-23,155219.98
Senior,3,2023-11-07,165943.31
Senior,3,2023-08-09,172391.59
Senior,3,2021-11-30,165501.98
Senior,1,2022-01-11,151407.68
Senior,4,2023-03-04,167338.36
Senior,2,2019-02-26,156153.64
Senior,3,2023-06-22,166759.0
Senior,5,2023-09-08,178359.33
Senior,4,2017-07-19,179194.65
Senior,3,2020-12-08,163086.52
Senior,2,2023-04-15,161422.11
Senior,3,2022-09-25,167507.27
Senior,3,2024-02-01,165015.89
Senior,3,2024-03-01,159866.94
Senior,4,2020-04-25,171994.5
Senior,3,2020-09-11,157824.14
Senior,2,2019-08-30,158337.76
Senior,3,2023-06-12,160476.02
Senior,3,2018-03-30,171469.41
Senior,1,2023-10-14,150752.47
Senior,3,2023-09-30,153997.63
Senior,3,2023-08-12,165648.22
Senior,3,2023-07-22,170180.26
Senior,3,2023-09-13,164737.51
Senior,4,2019-05-05,174993.24
Senior,1,2022-11-04,150343.44
Senior,2,2024-03-14,149312.91
Senior,1,2016-05-20,135109.41
Senior,3,2020-12-23,163430.24
Senior,3,2022-05-29,152858.96
Senior,1,2023-08-14,137335.47
Senior,3,2024-03-10,165519.13
Senior,1,2023-10-22,149206.98
Senior,3,2024-01-28,162774.91
Senior,3,2019-05-31,166662.25
Senior,3,2022-06-06,162973.35
Senior,3,2024-04-06,158893.74
Senior,2,2023-03-24,159686.73
Senior,1,2022-04-14,142172.34
Senior,4,2017-02-11,175468.35
Senior,4,2023-07-08,176129.92
Senior,3,2023-11-30,165997.83
Senior,3,2023-11-09,156271.95
Senior,4,2020-08-27,170779.78
Senior,2,2024-03-16,151485.25
Senior,3,2020-11-22,164226.94
Senior,3,2022-07-18,155771.41
Senior,5,2023-02-16,181563.71
Senior,5,2018-09-11,182500.0
Senior,4,2023-07-26,164613.34
Senior,5,2023-10-02,176786.13
Senior,3,2021-08-29,171695.6
Senior,2,2021-05-30,153997.17
Senior,3,2021-10-23,154918.97
Senior,3,2023-02-25,160869.3
Senior,3,2022-10-19,167690.18
Senior,4,2024-03-24,178969.16
Senior,5,2022-11-08,182500.0
Senior,2,2021-06-13,155117.58
Senior,3,2024-02-27,172371.25
Senior,4,2021-07-14,178429.81
Senior,3,2023-12-29,159261.73
Senior,4,2021-08-12,178409.46
Senior,5,2019-10-19,179704.58
Senior,3,2023-07-18,154738.65
Senior,3,2016-04-16,166425.87
Senior,3,2024-04-04,165621.45
Senior,3,2023-10-26,154877.49
Senior,3,2023-11-27,157716.35
Senior,2,2023-11-04,145787.2
Senior,3,2024-01-14,156067.59
Senior,5,2020-01-13,177996.35
Senior,3,2019-08-01,161474.08
Senior,4,2023-06-21,176283.75
Senior,3,2020-10-19,157718.0
Senior,3,2018-06-06,162159.24
Senior,3,2020-10-12,168360.9
Senior,3,2020-02-25,161553.16
Senior,2,2018-04-11,143485.1
Senior,3,2022-04-03,157001.37
Senior,5,2017-07-19,174274.7
Senior,2,2024-03-03,152018.5
Senior,3,2016-10-08,163216.79
Senior,1,2020-07-05,148635.7
Senior,3,2016-08-13,160816.65
Senior,5,2020-09-02,182500.0
Senior,3,2023-04-11,163765.58
Senior,3,2024-01-29,154599.91
Senior,5,2023-02-05,173288.23
Senior,3,2022-08-03,158782.35
Senior,3,2021-05-20,159124.5
Senior,3,2019-04-06,163827.35
Senior,3,2018-05-06,169199.67
Senior,1,2023-04-09,144805.21
Senior,3,2019-03-16,152805.13
Senior,3,2020-09-15,163571.29
Senior,3,2018-03-25,162773.94
Senior,3,2017-04-13,153126.84
Senior,4,2023-09-24,181058.12
Senior,2,2020-07-25,153687.94
Senior,4,2024-03-01,163176.68
Senior,5,2023-03-17,182500.0
Senior,3,2020-04-01,156854.3
Senior,3,2024-02-04,165763.82
Senior,4,2020-08-18,180413.2
Senior,4,2016-04-16,180347.99
Senior,3,2024-03-01,153731.84
Senior,4,2022-12-03,164885.42
Senior,5,2016-04-16,182500.0
Senior,4,2021-11-21,167284.91
Senior,4,2023-07-15,170592.73
Senior,3,2023-11-29,172195.64
Senior,3,2021-10-26,168587.57
Senior,2,2017-07-04,147541.53
Senior,3,2022-06-24,162114.31
Senior,1,2016-05-08,138658.3
Senior,2,2023-10-07,145397.74
Senior,3,2024-02-05,162021.67
Senior,1,2024-02-16,136102.58
Senior,3,2021-11-12,153900.39
Senior,4,2021-11-27,174543.41
Senior,4,2022-12-06,180556.57
Senior,3,2021-01-31,166527.82
Senior,3,2023-04-10,160885.2
Senior,3,2020-09-02,156364.01
Senior,1,2022-04-03,136682.67
Senior,3,2023-03-27,153049.27
Senior,1,2018-08-13,143912.85
Senior,3,2024-01-03,166209.14
Senior,5,2021-03-31,174631.58
Senior,4,2021-02-26,176409.11
Senior,4,2024-03-09,175621.56
Senior,3,2024-01-20,168220.68
Senior,3,2019-07-06,168635.8
Senior,3,2024-03-16,166726.13
Senior,3,2023-05-25,161693.96
Senior,5,2018-06-28,172954.91
Senior,3,2020-11-03,168632.41
Senior,1,2022-08-22,151405.09
Senior,3,2019-05-25,165015.39
Senior,3,2022-04-21,171392.9
Senior,3,2023-08-27,157515.82
Senior,3,2023-11-30,171168.73
Senior,4,2022-02-03,180505.87
Senior,3,2024-01-25,155722.45
Senior,2,2021-12-17,159527.07
Senior,3,2023-01-29,167529.4
Senior,3,2020-07-08,170477.63
Senior,3,2021-02-09,153084.15
Senior,3,2022-11-12,171083.01
Senior,3,2020-10-15,161384.65
Senior,3,2019-06-03,155633.05
Senior,5,2023-05-26,181756.77
Senior,4,2023-03-31,169531.93
Senior,3,2022-04-01,166206.67
Senior,3,2019-05-26,157693.8
Senior,2,2023-04-16,158542.79
Senior,3,2021-04-19,156065.77
Senior,1,2022-01-09,137284.33
Senior,3,2023-08-01,169267.24
Senior,2,2023-01-29,152569.75
Senior,3,2022-02-18,157883.28
Senior,5,2020-12-23,172689.53
Senior,1,2023-04-05,145884.98
Senior,4,2023-12-02,182114.55
Senior,4,2024-03-25,180231.13
Senior,5,2024-01-08,177192.4
Senior,3,2023-03-20,162181.81
Senior,1,2023-10-19,136706.06
Senior,4,2023-09-15,163686.5
Senior,3,2018-10-16,157913.37
Senior,3,2020-04-29,163845.5
Senior,3,2022-04-13,165095.99
Senior,3,2021-05-27,157409.01
Senior,4,2022-06-08,179801.54
Senior,3,2023-12-20,165691.97
Senior,1,2024-01-03,141913.29
Senior,2,2021-05-18,147312.78
Senior,4,2016-05-20,170730.85
Senior,3,2022-06-19,153567.3
Senior,4,2022-10-09,169794.27
Senior,3,2023-09-16,161379.69
Senior,5,2019-04-14,182500.0
Senior,3,2023-11-19,153679.3
Senior,1,2022-04-20,145258.15
Senior,4,2021-09-18,170368.43
Senior,3,2023-11-18,172263.69
Senior,3,2023-12-17,152612.97
Senior,3,2024-02-13,166241.6
Senior,3,2022-12-08,158685.7
Senior,2,2016-04-16,155747.62
Senior,1,2022-03-19,150194.88
Senior,4,2019-07-23,171319.25
Senior,2,2024-02-10,162351.3
Senior,1,2021-11-03,151988.89
Senior,3,2016-04-16,166563.26
Senior,3,2020-03-18,169938.99
Senior,3,2022-12-25,168005.39
Senior,3,2018-07-19,164442.85
Senior,3,2022-02-20,167962.83
Senior,3,2024-03-11,165194.67
Senior,3,2023-12-14,167077.53
Senior,1,2020-07-18,140616.25
Senior,5,2022-06-16,178607.39
Senior,4,2024-01-07,167411.07
Senior,4,2017-10-14,172063.29
Senior,2,2021-12-27,161210.92
Senior,1,2022-05-04,135945.66
Senior,3,2022-04-04,165612.97
Senior,3,2024-02-24,160413.17
Senior,3,2024-01-07,169286.03
Senior,3,2023-06-18,162844.73
Senior,3,2022-05-02,172067.49
Senior,4,2019-04-17,182124.88
Senior,4,2021-01-19,169031.21
Senior,4,2023-10-11,178471.77
Senior,5,2022-07-14,182500.0
Senior,1,2018-09-28,141862.91
Senior,2,2017-10-26,154114.01
Senior,5,2023-10-11,180822.5
Senior,5,2022-01-02,180032.3
Senior,2,2019-07-01,145373.61
Senior,3,2022-07-24,162153.74
Senior,2,2023-07-17,150294.02
Senior,4,2023-03-12,177101.57
Senior,4,2023-12-18,164043.62
Senior,3,2023-12-03,153646.13
Senior,3,2023-04-01,155898.42
Senior,1,2023-07-19,134662.63
Senior,2,2023-10-18,152690.39
Senior,4,2023-02-14,173836.6
Senior,2,2022-08-18,147371.23
Senior,3,2023-11-11,153768.35
Senior,5,2024-01-26,173679.36
Senior,2,2022-06-02,159937.68
Senior,3,2023-07-27,152555.55
Senior,3,2022-03-13,169194.64
Senior,4,2023-10-19,177427.95
Senior,5,2016-06-21,172765.64
Senior,3,2022-01-14,158508.88
Senior,3,2023-12-19,154278.54
Senior,2,2021-03-05,160798.15
Senior,3,2022-11-09,170740.39
Senior,5,2022-09-23,174910.28
Senior,3,2020-04-12,160637.71
Senior,3,2022-09-12,164547.01
Senior,3,2021-05-31,172314.99
Senior,3,2021-12-02,169854.67
Senior,2,2022-09-29,155471.1
Senior,3,2024-01-30,156237.33
Senior,5,2017-04-04,175221.89
Senior,3,2022-03-25,161461.04
Senior,3,2021-10-20,162516.69
Senior,2,2024-02-11,146000.22
Senior,3,2016-04-16,168098.34
Senior,4,2020-08-07,170774.56
Senior,3,2019-09-02,160659.66
Senior,3,2021-12-11,161905.46
Senior,5,2022-03-28,181144.55
Senior,5,2021-07-24,182500.0
Senior,3,2022-01-16,158208.71
Senior,2,2023-09-20,147894.38
Senior,3,2023-02-09,166543.14
Senior,3,2024-03-31,162149.33
Senior,3,2020-12-04,162245.68
Senior,4,2018-12-16,170502.57
Senior,4,2019-07-25,170852.25
Senior,3,2023-08-01,156280.03
Senior,1,2018-12-22,146079.53
Senior,3,2019-12-19,169183.85
Senior,1,2021-01-27,134757.74
Senior,2,2016-04-16,162136.1
Senior,3,2023-10-03,167538.13
Senior,2,2023-07-22,148359.53
Senior,1,2019-09-06,142260.7
Senior,3,2022-10-07,154250.67
Senior,3,2019-11-23,157811.56
Senior,3,2024-02-14,161007.85
Senior,5,2023-12-26,182500.0
Senior,3,2021-07-03,155062.84
Senior,1,2020-09-24,141521.74
Senior,2,2021-09-03,153206.16
Senior,4,2019-12-30,164867.76
Senior,2,2023-05-22,148114.39
Senior,2,2022-07-18,156250.39
Senior,1,2016-11-12,136092.5
Senior,3,2023-11-12,165360.82
Senior,3,2024-03-14,156048.56
Senior,1,2021-12-21,143980.83
Senior,3,2019-02-19,152953.44
Senior,3,2024-03-25,162450.47
Senior,1,2023-04-18,144182.15
Senior,2,2023-03-20,152511.45
Senior,1,2022-04-14,145853.66
Senior,4,2021-12-19,175539.63
Senior,3,2023-12-18,159502.02
Senior,3,2023-06-17,169986.23
Senior,4,2021-07-09,176550.68
Senior,3,2022-09-29,153609.88
Senior,2,2020-11-12,155550.27
Senior,1,2024-03-24,151970.0
Senior,2,2020-05-26,150113.28
Senior,3,2016-04-16,171818.63
Senior,3,2023-06-26,170161.03
Senior,3,2022-07-06,167987.73
Senior,5,2023-09-03,174691.15
Senior,3,2022-04-13,163342.07
Senior,3,2022-12-12,166161.93
Senior,1,2022-03-26,146294.8
Senior,3,2022-10-23,153928.82
Senior,4,2024-03-24,162825.44
Senior,1,2023-11-07,150397.67
Senior,3,2021-05-07,160405.47
Senior,1,2016-04-16,148465.44
Senior,3,2023-11-22,153762.58
Senior,3,2019-07-26,171242.81
Senior,2,2024-02-27,148107.85
Senior,3,2024-01-24,153755.94
Senior,4,2016-04-16,167143.62
Senior,3,2024-03-04,159051.33
Senior,3,2019-04-10,160575.89
Senior,5,2023-06-16,181792.45
Senior,5,2023-12-17,175305.7
Senior,5,2023-11-21,182500.0
Senior,5,2019-01-22,181812.54
Senior,4,2021-05-13,163464.28
Senior,5,2023-03-31,182500.0
Senior,4,2021-02-23,167864.84
Senior,3,2022-07-17,155479.41
Senior,2,2024-01-27,149848.45
Senior,3,2023-09-07,157160.14
Senior,3,2022-01-12,164191.89
Senior,5,2023-06-27,182500.0
Senior,1,2023-02-22,140763.94
Senior,3,2022-04-08,164330.49
Senior,3,2023-06-18,170630.47
Senior,4,2023-12-22,167689.08
Senior,1,2023-02-06,136694.79
Senior,3,2022-05-08,158649.53
Senior,1,2024-03-08,148933.0
Senior,2,2023-09-09,152699.01
Senior,3,2022-02-10,168659.77
Senior,3,2022-04-25,159038.22
Senior,3,2021-11-10,161633.93
Senior,3,2024-03-12,155821.89
Senior,3,2024-01-14,166339.15
Senior,5,2024-01-13,182500.0
Senior,3,2016-04-16,160339.46
Senior,3,2021-03-30,161273.15
Senior,3,2020-12-24,157697.44
E2,3,2022-03-24,145407.16
E2,5,2022-07-29,157500.0
E2,2,2023-03-12,127180.21
E2,5,2022-11-02,157500.0
E2,1,2024-01-01,124864.73
E2,3,2020-04-15,135644.86
E2,3,2024-04-14,129290.64
E2,3,2023-04-11,131574.1
E2,3,2023-02-28,141250.39
E2,4,2023-12-04,153776.89
E2,4,2022-10-08,145473.15
E2,3,2023-04-29,144124.2
E2,4,2023-01-16,137956.8
E2,3,2023-05-22,143560.51
E2,3,2023-10-07,135257.3
E2,4,2024-02-06,137935.86
E2,4,2023-11-18,150169.59
E2,4,2023-08-14,147296.2
E2,3,2023-12-18,132612.33
E2,4,2022-08-09,154576.22
E2,3,2023-12-26,144001.98
E2,3,2022-12-02,133965.08
E2,3,2023-09-23,132780.28
E2,4,2023-12-24,140368.06
E2,4,2023-10-14,141678.19
E2,2,2024-03-30,135451.75
E2,4,2021-12-13,149831.36
E2,3,2023-06-02,142137.78
E2,4,2021-10-14,156521.68
E2,4,2022-06-07,156380.43
E2,1,2023-11-03,119262.81
E2,4,2022-11-18,152080.86
E2,3,2024-03-13,139877.54
E2,5,2023-11-27,150234.96
E2,3,2022-01-15,132518.29
E2,2,2023-06-07,128213.75
E2,4,2021-12-02,152134.68
E2,3,2023-12-16,143057.97
E2,4,2024-01-21,155691.42
E2,3,2023-11-20,130807.99
E2,3,2023-12-08,135521.08
E2,3,2024-02-08,142039.22
E2,3,2024-03-16,138206.84
E2,4,2023-11-05,144482.31
E2,4,2023-08-31,155332.83
E2,3,2024-02-19,140983.27
E2,3,2021-04-12,135775.26
E2,3,2023-04-07,129768.23
E2,3,2024-01-04,144549.14
E2,2,2024-04-05,133032.94
E2,2,2020-04-15,128874.25
E2,3,2023-08-13,142995.53
E2,3,2023-04-20,142828.15
E2,1,2020-04-15,117002.36
E2,3,2021-11-10,138165.87
E2,5,2023-01-11,157500.0
E2,3,2023-01-02,141826.85
E2,2,2022-12-18,136171.81
E2,5,2023-02-03,156777.3
E2,2,2024-04-11,133268.33
E2,4,2020-04-15,143565.22
E2,3,2023-08-31,134027.11
E2,3,2022-10-11,143000.96
E2,3,2022-09-17,138976.34
E2,5,2023-04-26,157500.0
E2,3,2024-03-15,127754.53
E2,3,2021-12-09,128153.54
E2,3,2021-11-23,135404.07
E2,4,2023-09-16,142859.17
E2,2,2021-10-17,121695.68
E2,3,2023-07-03,133728.13
E2,4,2024-01-05,148124.79
E2,3,2024-01-28,146803.8
E2,3,2024-01-23,142807.21
E2,3,2023-01-30,135110.77
E2,3,2021-09-08,130088.79
E2,2,2022-01-01,124985.24
E2,3,2021-05-05,142868.16
E2,2,2021-09-12,124235.46
E2,3,2023-11-14,131144.63
E2,1,2022-11-13,110152.35
E2,3,2023-06-23,137912.59
E2,3,2023-09-25,132155.41
E2,3,2023-11-15,140785.04
E2,5,2020-04-15,157500.0
E2,4,2023-04-30,145402.69
E2,3,2023-06-14,134444.05
E2,3,2020-04-15,140709.17
E2,1,2023-06-20,118262.08
E2,4,2023-10-28,139584.41
E2,5,2024-02-25,157500.0
E2,2,2023-03-19,136617.62
E2,3,2024-03-12,141001.98
E2,5,2023-05-22,157500.0
E2,2,2020-11-10,123384.52
E2,1,2023-09-18,119433.45
E2,4,2021-10-14,140124.83
E2,3,2024-01-21,137543.71
E2,2,2020-04-15,133835.98
E2,3,2023-05-27,131968.21
E2,4,2023-03-01,143640.32
E2,5,2023-07-02,155706.62
E2,3,2023-03-18,147477.28
E2,3,2024-02-16,141572.65
E2,3,2023-04-01,133035.03
E2,3,2024-03-14,134460.4
E2,3,2022-03-21,142863.58
E2,3,2023-11-27,135252.71
E2,3,2023-07-03,146143.13
E2,4,2021-09-10,152143.9
E2,3,2024-01-07,135516.84
E2,3,2024-02-17,133345.03
E2,3,2024-03-21,128081.96
E2,2,2020-04-15,124804.67
E2,4,2023-06-25,143769.88
E2,3,2024-01-24,132891.37
E2,3,2022-04-23,144735.28
E2,3,2024-03-13,129466.03
E2,3,2020-09-10,127752.62
E2,3,2020-04-15,146172.66
E2,2,2021-11-03,129695.56
E2,3,2021-05-23,136593.14
E2,3,2022-10-16,128105.4
E2,1,2022-03-31,111166.26
E2,3,2022-06-17,140088.09
E2,1,2023-12-02,120909.37
E2,3,2020-06-20,139420.22
E2,3,2023-11-28,130215.19
E2,4,2024-03-13,146718.13
E2,3,2024-03-22,131532.56
E2,3,2023-12-25,128336.7
E2,3,2023-10-19,127619.37
E2,3,2024-04-14,134734.45
E2,4,2023-11-23,152041.17
E2,3,2023-04-17,133465.76
E2,3,2023-04-26,134141.0
E2,4,2023-09-24,149383.6
E2,4,2021-10-16,137550.25
E2,1,2024-04-03,115359.6
E2,5,2023-10-02,155172.1
E2,3,2022-05-18,135944.17
E2,3,2022-03-26,135905.61
E2,3,2024-02-14,140271.75
E2,1,2021-04-01,112454.94
E2,3,2023-03-11,145897.07
E2,1,2023-01-26,110999.49
E2,2,2022-03-27,128044.36
E2,3,2023-11-15,144347.63
E2,4,2024-02-03,142623.05
E2,1,2024-03-11,126409.75
E2,4,2023-06-25,151831.99
E2,2,2023-10-10,118610.35
E2,3,2024-01-17,140930.64
E2,3,2023-12-19,129486.38
E2,3,2024-01-15,143422.14
E2,4,2020-10-08,149124.99
E2,3,2022-10-30,145840.59
E2,3,2024-04-13,129732.13
E2,4,2022-10-18,156413.11
E2,5,2022-04-11,148853.43
E2,3,2023-02-03,134095.83
E2,3,2024-01-01,146821.81
E2,3,2020-04-15,139540.45
E2,2,2024-03-09,117805.26
E2,2,2023-09-14,132456.81
E2,3,2023-09-20,132101.75
E2,4,2023-02-13,146940.87
E2,3,2020-09-30,129294.99
E2,3,2021-05-22,132338.36
E2,1,2024-01-26,108378.38
E2,1,2021-06-07,109044.06
E2,3,2024-03-21,131571.22
E2,4,2023-08-30,156474.06
E2,3,2020-08-31,135148.55
E2,2,2023-12-31,132767.14
E2,2,2020-04-15,132065.75
E2,3,2022-07-11,130719.97
E2,3,2020-10-08,134632.83
E2,5,2023-08-28,157500.0
E2,3,2023-10-15,147286.39
E2,3,2023-08-28,134657.67
E2,3,2021-07-30,136249.61
E2,3,2021-10-18,130026.83
E2,3,2024-02-25,140003.74
E2,3,2023-11-08,132439.51
E2,1,2023-03-22,118484.17
E2,3,2022-07-28,141821.81
E2,3,2024-03-21,131527.26
E2,3,2022-04-23,135126.78
E2,2,2022-05-16,134256.36
E2,3,2020-04-15,141379.72
E2,3,2021-06-28,132396.77
E2,3,2024-03-03,144393.57
E2,3,2023-03-23,146487.13
E2,3,2023-08-20,131410.89
E2,3,2023-08-06,132870.3
E2,3,2023-02-11,141677.88
E2,3,2023-03-21,128105.47
E2,3,2020-11-14,127933.33
E2,2,2023-09-06,119735.81
E2,3,2022-09-05,143732.0
E2,4,2023-01-24,147741.85
E2,4,2024-02-19,147747.7
E2,3,2023-08-17,133756.64
E2,3,2023-08-19,133535.56
E2,3,2023-12-08,139040.04
E2,2,2023-01-29,134569.94
E2,4,2022-03-05,139821.56
E2,2,2020-06-21,122483.54
E2,3,2024-02-04,144681.75
E2,3,2023-03-24,140571.22
E2,3,2023-03-11,133424.42
E2,4,2023-11-29,146572.46
E2,5,2020-04-15,150360.63
E2,2,2023-09-27,135282.03
E2,4,2023-09-20,145195.38
E2,2,2022-09-26,133116.31
E2,3,2022-10-18,134660.58
E2,5,2023-03-15,148601.94
E2,2,2021-12-11,128137.63
E2,3,2024-03-22,147410.02
E2,3,2022-07-19,130827.9
E2,4,2023-12-05,154678.78
E2,3,2020-04-15,143625.85
E2,5,2023-08-05,157500.0
E2,3,2024-03-13,140489.1
E2,1,2023-09-08,127178.99
E2,2,2022-03-19,136861.99
E2,3,2021-05-14,136367.37
E2,5,2023-10-18,157500.0
E2,3,2023-11-25,137451.93
E2,3,2023-06-17,130234.1
E2,2,2023-04-20,125379.3
E2,2,2020-04-15,124363.4
E2,1,2023-09-20,122886.03
E2,3,2024-01-22,136076.57
E2,1,2022-09-23,112954.49
E2,3,2024-03-13,147323.01
E2,2,2023-03-29,126005.12
E2,2,2023-02-27,126042.91
E2,4,2021-05-03,141739.13
E2,2,2022-11-24,132980.48
E2,2,2022-09-25,123530.65
E2,1,2022-04-25,118628.57
E2,1,2024-01-02,112495.66
E2,3,2022-03-07,131242.65
E2,2,2024-02-24,120461.04
E2,1,2023-09-23,124053.71
E2,4,2023-05-03,137817.05
E2,5,2022-08-03,156142.73
E2,5,2023-04-27,151787.18
E2,2,2023-07-24,136655.26
E2,3,2020-12-09,129332.03
E2,5,2024-03-15,152861.99
E2,3,2022-09-06,145763.58
E2,2,2022-06-08,126584.09
E2,3,2024-01-03,130153.81
E2,3,2020-11-21,139537.46
E2,2,2023-02-04,123514.13
E2,3,2023-08-23,136324.3
E2,3,2020-04-15,139460.96
E2,3,2023-11-11,134715.47
E2,4,2020-05-16,144547.56
E2,1,2022-01-31,126767.99
E2,4,2023-04-07,150354.74
E2,2,2024-01-01,134554.62
E2,4,2024-03-26,140862.04
E2,3,2023-01-11,147487.86
E2,3,2023-11-10,129814.68
E2,1,2022-04-22,116871.81
E2,3,2020-04-15,130659.54
E2,5,2024-03-07,157500.0
E2,5,2023-09-19,156952.31
E2,2,2023-07-22,129952.41
E2,3,2022-11-21,133740.67
E2,4,2024-01-21,150958.37
E2,2,2024-02-26,119299.57
E2,4,2023-08-23,151822.73
E2,4,2024-03-17,145811.38
E2,3,2022-10-25,141480.97
E2,3,2023-07-27,141300.24
E2,5,2021-06-20,157500.0
E2,4,2022-10-11,138557.21
E2,3,2024-02-06,143903.81
E2,2,2021-12-15,133809.98
E2,3,2024-01-14,138451.59
E2,3,2020-06-13,128017.07
E2,3,2022-08-02,144724.87
E2,3,2023-11-21,128430.84
E2,2,2022-12-05,131233.67
E2,2,2024-03-05,128915.83
E2,1,2022-11-19,116910.06
E2,3,2020-04-15,137022.75
E2,3,2023-05-22,134153.35
E2,3,2023-06-12,142192.82
E2,3,2022-04-19,132880.74
E2,3,2021-04-24,147153.22
E2,3,2024-03-18,137402.02
E2,3,2022-03-13,137741.49
E2,3,2023-12-14,139910.7
E2,1,2021-01-18,122818.35
E2,4,2022-04-02,152574.8
E2,5,2023-08-05,155719.13
E2,3,2023-07-19,139202.2
E2,2,2023-11-18,129092.66
E2,3,2023-02-08,147185.01
E2,4,2024-01-08,138127.03
E2,3,2022-04-24,130783.09
E2,5,2022-04-09,157500.0
E2,4,2020-12-12,153000.43
E2,3,2022-10-07,128596.98
E2,1,2020-04-15,112730.11
E2,3,2023-11-08,139864.42
E2,3,2023-09-27,128353.26
E2,3,2021-03-21,140357.94
E2,4,2022-08-21,146748.0
E2,2,2022-07-29,118410.05
E2,3,2023-02-17,130378.44
E2,3,2023-11-15,143449.92
E2,3,2024-01-12,137812.57
E2,4,2021-09-04,144506.05
E2,3,2023-02-12,140504.54
E2,3,2022-12-10,146967.3
E2,3,2023-10-12,146834.73
E2,3,2023-04-15,129242.56
E2,1,2023-01-27,118427.84
E2,4,2024-01-13,148068.14
E2,4,2023-03-27,139351.11
E2,3,2023-11-27,139871.46
E2,1,2021-09-30,114533.52
E2,3,2021-05-05,136030.05
E2,3,2024-04-03,139847.44
E2,3,2023-06-02,145652.77
E2,5,2024-04-07,157500.0
E2,3,2024-04-02,135894.44
E2,3,2022-12-08,145414.05
E2,2,2023-11-10,120700.6
E2,4,2020-08-03,146423.3
E2,2,2024-03-29,130701.12
E2,3,2023-12-26,147100.55
E2,4,2024-02-10,154813.73
E2,5,2024-02-09,157500.0
E2,5,2023-07-02,157500.0
E2,3,2023-06-13,136133.82
E2,2,2021-11-20,123415.95
E2,5,2024-03-29,157184.71
E2,4,2022-09-19,147331.38
E2,3,2023-06-30,146003.24
E2,4,2023-03-26,143683.68
E2,3,2020-11-02,143189.94
E2,3,2023-01-02,137890.73
E2,3,2023-03-21,137987.78
E2,3,2023-11-08,127546.55
E2,5,2022-12-29,157500.0
E2,3,2023-04-28,146706.63
E2,4,2023-06-24,148040.77
E2,4,2022-10-05,149109.63
E2,4,2024-02-20,153596.39
E2,4,2022-03-21,142171.03
E2,2,2023-08-19,128478.47
E2,3,2023-02-09,140190.03
E2,3,2023-09-02,134628.75
E2,5,2021-02-16,153354.07
E2,3,2023-03-28,135342.64
E2,4,2023-09-08,143793.96
E2,1,2023-08-23,122007.66
E2,2,2022-09-19,131305.86
E2,3,2022-06-19,127947.11
E2,4,2021-03-26,150257.24
E2,3,2023-12-18,130238.67
E2,1,2021-08-17,124055.41
E2,1,2023-05-23,113579.92
E2,3,2020-12-13,128044.0
E2,2,2023-09-25,125577.77
E2,2,2021-12-20,135342.74
E2,4,2024-03-03,152553.49
E2,3,2023-02-14,132471.31
E2,1,2022-07-25,122818.02
E2,3,2020-10-04,134283.17
E2,1,2023-06-27,109828.75
E2,2,2023-10-01,131174.38
E2,3,2020-04-15,137154.82
E2,3,2024-03-01,145322.97
E2,3,2020-04-15,140785.12
E2,1,2024-04-07,124597.02
E2,3,2024-01-05,136847.49
E2,4,2021-09-01,141369.81
E2,1,2021-03-26,109616.41
E2,3,2023-09-22,134477.93
E2,1,2023-12-28,115535.86
E2,3,2023-06-12,136444.1
E2,3,2023-04-30,130624.48
E2,3,2023-06-20,132623.58
E2,1,2024-03-27,120193.15
E2,1,2022-05-09,116821.54
E2,3,2023-12-05,143613.41
E2,2,2022-07-21,131294.96
E2,1,2023-10-18,125547.69
E2,4,2024-01-12,144617.25
E2,5,2022-05-02,149464.85
E2,3,2023-08-31,136266.44
E2,3,2022-08-13,142160.25
E2,3,2023-05-25,137059.99
E2,3,2020-06-17,133021.34
E2,1,2023-08-10,109844.53
E2,2,2023-11-28,118649.94
E2,3,2021-04-30,128515.3
E2,3,2023-11-25,130516.51
E2,3,2023-12-28,134306.08
E2,1,2024-02-03,115942.21
E2,1,2023-03-17,110889.08
E2,1,2024-03-25,114980.56
E2,4,2022-10-16,152132.06
E2,3,2022-08-21,142202.66
E2,1,2024-04-11,107617.11
E2,4,2022-01-07,144763.82
E2,2,2023-12-13,134662.11
E2,3,2020-04-15,135827.02
E2,2,2023-09-23,125473.74
E2,3,2023-02-03,135448.39
E2,2,2023-02-27,127894.51
E2,3,2022-07-19,143288.79
E2,5,2023-04-03,157500.0
E2,3,2023-07-06,141179.7
E2,1,2021-10-10,112338.31
E2,1,2023-10-19,111836.8
E2,1,2023-04-15,123129.4
E2,5,2022-07-02,152263.73
E2,3,2023-03-18,143414.78
E2,1,2023-03-27,126385.39
E2,4,2023-12-17,139532.87
E2,3,2023-09-15,133158.23
E2,1,2022-09-18,127491.59
E2,3,2021-02-07,141781.08
E2,3,2023-09-06,134755.52
E2,3,2022-07-22,135920.18
E2,3,2024-01-02,147216.77
E2,3,2024-04-12,138983.51
E2,3,2022-09-05,133982.25
E2,4,2022-11-18,138924.66
E2,2,2020-04-15,126925.66
E2,2,2023-04-01,126405.1
E2,3,2021-01-05,136686.86
E2,3,2023-05-25,146958.49
E2,3,2022-02-11,130815.32
E2,3,2023-12-21,136312.19
E2,3,2023-08-19,138559.33
E2,3,2021-11-06,136380.9
E2,3,2024-03-14,130105.22
E2,3,2022-08-20,139901.45
E2,4,2022-02-11,148910.8
E2,3,2021-06-10,133629.14
E2,2,2023-12-14,130007.91
E2,1,2023-10-06,117233.27
E2,5,2022-10-30,157500.0
E2,3,2024-02-16,144017.66
E2,1,2023-12-20,110331.0
E2,3,2024-02-16,141678.53
E2,4,2022-07-29,152930.61
E2,2,2024-02-01,121370.97
E2,5,2023-04-10,157500.0
E2,2,2023-10-05,130891.7
E2,1,2023-08-23,113702.05
E2,1,2023-06-19,118538.79
E2,1,2024-01-10,125527.58
E2,3,2023-12-05,133029.04
E2,3,2020-04-15,141484.88
E2,3,2024-03-23,139243.71
E2,5,2024-03-12,155578.46
E2,1,2023-07-03,117303.26
E2,4,2023-11-07,140532.89
E2,3,2023-05-23,136354.15
E2,3,2022-08-03,128309.23
E2,2,2023-12-08,132189.61
E2,3,2022-12-23,141536.57
E2,3,2024-02-23,129220.36
E2,3,2023-10-02,146864.04
E2,4,2023-10-21,147826.49
E2,3,2024-03-19,137349.55
E2,3,2023-08-31,146408.12
E2,1,2023-03-24,115135.92
E2,5,2022-11-24,157395.18
E2,4,2023-10-18,142851.1
E2,3,2022-09-21,131972.06
E2,3,2024-02-20,133205.49
E2,3,2023-04-18,132527.47
E2,5,2023-09-20,157500.0
E2,3,2024-03-31,142753.82
E2,2,2021-04-01,129679.12
E2,3,2021-09-22,140723.65
E2,3,2023-04-27,132690.15
E2,2,2020-04-15,136767.16
E2,3,2021-02-14,137657.39
E2,5,2024-01-07,153053.38
E2,1,2023-05-05,110870.79
E2,1,2023-01-17,114334.88
E2,3,2022-07-27,140506.37
E2,4,2024-02-07,146002.67
E2,3,2023-11-01,139526.5
E2,5,2020-04-15,156774.87
E2,3,2023-05-24,145557.18
E2,2,2022-12-01,133955.74
E2,2,2021-11-29,120002.33
E2,2,2022-08-13,117707.1
E2,2,2022-11-11,121330.37
E2,3,2023-02-19,138618.12
E2,3,2023-06-07,146438.0
E2,2,2023-06-03,134513.06
E2,3,2020-04-15,140469.07
E2,3,2020-11-15,140238.48
E2,3,2024-03-21,140375.31
E2,2,2022-02-20,132809.74
E2,3,2020-10-05,146584.16
E2,4,2024-01-05,153999.56
E2,3,2023-12-07,134177.84
E2,2,2024-03-24,125155.36
E2,3,2023-03-05,131746.38
E2,3,2022-08-20,131249.98
E2,4,2022-06-21,148029.07
E2,3,2023-09-20,135473.12
E2,2,2024-03-24,120133.68
E2,2,2023-09-12,117577.88
E2,2,2021-01-10,133371.81
E2,3,2023-12-31,146829.84
E2,1,2023-07-06,124685.86
E2,3,2023-11-15,140105.25
E2,3,2024-01-23,146706.69
E2,3,2023-05-28,142463.18
E2,2,2023-08-18,123274.94
E2,3,2023-01-30,140481.87
E2,3,2022-05-01,145846.11
E2,3,2023-09-30,137343.18
E2,3,2023-01-08,136349.96
E2,3,2023-06-16,143656.03
E2,3,2020-10-19,145182.7
E2,2,2024-02-13,133231.39
E2,1,2023-11-08,125556.91
E2,3,2024-02-11,136806.29
E2,5,2023-05-24,157500.0
E2,3,2023-01-23,140473.22
E2,2,2023-11-06,118733.82
E2,5,2023-09-11,157500.0
E2,5,2023-11-30,157500.0
E2,2,2023-04-18,118795.94
E2,3,2024-04-05,143692.04
E2,3,2022-02-26,145318.87
E2,2,2022-09-21,129289.98
E2,4,2023-10-24,155439.64
E2,3,2023-12-16,146613.7
E2,5,2021-07-07,157500.0
E2,3,2020-11-13,128632.31
E2,3,2024-03-07,137790.52
E2,2,2022-12-14,134983.57
E2,2,2023-11-26,137244.86
E2,3,2021-08-30,145443.84
E2,1,2024-02-13,110419.78
E2,2,2023-03-21,118022.93
E2,2,2021-08-22,130203.03
E2,3,2023-11-25,133142.56
E2,3,2022-10-12,133040.64
E2,4,2024-01-03,150829.3
E2,2,2020-04-15,131170.65
E2,3,2023-11-27,142997.09
E2,3,2023-03-11,134281.71
E2,3,2023-07-18,143599.35
E2,3,2022-09-23,141260.67
E2,3,2022-10-28,143069.0
E2,1,2023-01-16,111615.59
E2,5,2023-10-21,148100.58
E2,5,2022-12-30,156885.54
E2,3,2023-02-14,136405.07
E2,1,2023-04-24,126267.66
E2,3,2021-07-27,138297.41
E2,5,2023-12-20,157500.0
E2,5,2021-07-09,157500.0
E2,3,2024-01-27,130325.46
E2,1,2020-04-15,108990.46
E2,5,2023-02-16,152976.44
E2,4,2024-03-03,144107.14
E2,3,2022-06-08,132416.75
E2,1,2022-06-09,111779.77
E2,3,2022-09-26,135573.68
E2,2,2023-09-18,136399.74
E2,4,2024-01-26,144291.23
E2,5,2024-02-28,150942.73
E2,1,2022-09-18,109958.23
E2,2,2022-01-03,128448.13
E2,5,2023-09-09,157500.0
E2,3,2023-11-30,143884.22
E2,4,2020-04-15,141331.49
E2,3,2023-07-21,139921.3
E2,3,2022-04-07,129779.86
E2,3,2021-03-10,145842.93
E2,3,2023-07-13,140665.44
E2,2,2023-10-10,126269.89
E2,3,2022-05-30,130189.84
E2,1,2024-01-26,115355.93
E2,3,2024-02-11,137696.85
E2,3,2022-07-18,138572.71
E2,5,2024-02-12,157500.0
E1,1,2023-11-26,101615.94
E1,1,2024-02-20,101249.58
E1,2,2023-10-06,108645.16
E1,3,2024-03-02,113768.17
E1,3,2023-05-07,111046.28
E1,3,2022-12-24,114201.24
E1,2,2024-01-06,101407.41
E1,3,2023-09-01,113483.46
E1,3,2024-03-28,110708.5
E1,2,2023-12-10,107733.79
E1,3,2024-03-11,114581.13
E1,3,2024-01-20,108463.35
E1,1,2024-02-06,97396.6
E1,3,2023-04-08,110764.13
E1,3,2023-11-03,111946.46
E1,3,2022-04-15,108845.96
E1,4,2024-04-05,116974.77
E1,3,2024-04-01,111860.31
E1,3,2023-02-04,105741.01
E1,3,2023-11-18,111660.46
E1,3,2023-03-24,111412.61
E1,3,2023-12-10,113712.71
E1,3,2023-12-06,105303.44
E1,4,2024-01-26,110557.8
E1,3,2023-04-15,111868.71
E1,4,2024-04-14,112197.18
E1,3,2023-12-13,111002.44
E1,5,2024-03-17,120000.0
E1,4,2024-04-14,115944.25
E1,5,2024-04-02,120000.0
E1,3,2023-10-26,109365.44
E1,4,2024-02-12,110864.09
E1,3,2023-06-23,113455.29
E1,3,2023-01-05,111015.39
E1,3,2024-01-25,105223.94
E1,2,2023-12-19,103918.48
E1,3,2022-11-16,114383.21
E1,4,2023-08-26,116641.99
E1,1,2024-03-22,104774.4
E1,3,2024-04-14,108741.45
E1,3,2023-12-08,112881.05
E1,1,2023-09-16,97546.76
E1,2,2023-07-20,101759.5
E1,4,2024-01-02,112810.85
E1,2,2023-06-11,102191.01
E1,3,2023-07-05,109691.77
E1,3,2023-07-29,114057.96
E1,3,2023-11-04,111877.18
E1,2,2022-04-15,103260.73
E1,5,2022-06-02,119202.73
E1,1,2024-02-24,98344.68
E1,3,2023-05-12,106641.04
E1,2,2023-05-14,108190.65
E1,3,2023-09-27,109252.28
E1,3,2023-11-08,114204.5
E1,3,2023-12-08,105660.1
E1,1,2024-04-01,95451.96
E1,3,2024-02-26,108314.37
E1,4,2024-02-15,116226.15
E1,3,2023-12-28,105791.16
E1,3,2024-01-31,108350.16
E1,3,2023-10-08,109118.43
E1,2,2024-01-12,102743.2
E1,1,2024-02-01,101467.17
E1,3,2024-01-01,109050.44
E1,3,2023-04-07,109065.06
E1,2,2023-06-29,101199.83
E1,4,2023-12-22,110345.91
E1,3,2023-11-14,109105.76
E1,3,2024-03-05,106748.77
E1,5,2023-12-20,118731.08
E1,3,2024-02-04,105040.99
E1,3,2023-12-04,110624.37
E1,3,2024-02-07,109463.14
E1,3,2022-04-15,108124.79
E1,1,2024-01-09,102949.52
E1,3,2022-11-07,105264.21
E1,3,2024-03-01,108583.25
E1,4,2023-12-23,113493.44
E1,1,2024-01-12,98613.46
E1,5,2023-12-08,120000.0
E1,2,2022-04-15,105933.67
E1,5,2024-01-18,120000.0
E1,3,2023-08-07,107705.81
E1,3,2023-12-28,105043.64
E1,3,2023-07-08,106996.47
E1,5,2023-06-10,119463.87
E1,4,2023-06-19,118417.02
E1,3,2022-04-15,106798.13
E1,3,2024-02-13,107091.4
E1,1,2023-04-10,95423.94
E1,5,2024-04-14,120000.0
E1,2,2023-02-24,107890.19
E1,3,2023-05-20,109140.99
E1,2,2023-06-17,104009.36
E1,3,2023-10-15,107360.1
E1,3,2023-11-18,111846.4
E1,3,2023-10-04,107092.23
E1,5,2023-12-15,120000.0
E1,3,2023-04-18,106790.49
E1,3,2024-04-03,110843.55
E1,2,2024-03-03,107896.83
E1,3,2023-04-15,114924.47
E1,3,2023-10-23,107472.0
E1,3,2022-12-15,113365.91
E1,4,2023-11-12,119402.45
E1,2,2023-10-09,109082.59
E1,3,2023-08-15,112316.32
E1,3,2024-04-01,112551.58
E1,3,2024-01-06,112934.82
E1,3,2023-11-15,109604.5
E1,3,2023-10-17,109420.98
E1,5,2023-08-29,120000.0
E1,3,2024-02-27,112233.91
E1,4,2023-11-14,115067.68
E1,5,2024-02-29,117198.44
E1,3,2022-04-15,114981.33
E1,3,2024-04-07,112969.59
E1,3,2023-09-23,105134.2
E1,2,2024-01-20,105216.14
E1,2,2023-04-15,102395.92
E1,5,2024-04-03,115772.9
E1,2,2023-12-24,106768.63
E1,3,2024-01-25,106441.2
E1,2,2023-10-01,100593.81
E1,3,2024-03-25,105523.31
E1,4,2023-04-22,115544.5
E1,3,2023-11-26,113200.04
E1,5,2024-01-20,115970.3
E1,4,2023-07-13,112948.8
E1,4,2023-07-28,113850.65
E1,3,2024-03-21,112440.76
E1,2,2023-02-27,109813.42
E1,3,2023-10-15,114063.03
E1,4,2024-03-10,110838.6
E1,2,2023-11-30,103013.07
E1,4,2023-02-02,118056.9
E1,3,2023-06-10,112801.87
E1,3,2023-12-21,105638.66
E1,3,2023-11-10,109387.86
E1,1,2023-10-15,104942.15
E1,3,2023-06-17,109342.89
E1,2,2023-03-28,108784.37
E1,3,2024-04-04,108526.7
E1,3,2022-04-15,108809.7
E1,3,2023-11-10,112609.53
E1,3,2024-02-12,113439.55
E1,3,2024-03-24,106137.17
E1,3,2022-04-15,111617.48
E1,1,2024-03-02,98773.16
E1,2,2024-03-19,100959.46
E1,4,2023-09-20,119000.76
E1,1,2024-03-03,100728.77
E1,5,2024-02-13,120000.0
E1,3,2023-10-02,106868.3
E1,4,2023-10-24,114120.87
E1,2,2023-12-26,106548.76
E1,1,2023-07-19,100609.1
E1,4,2023-10-16,117252.17
E1,1,2023-12-19,100276.25
E1,2,2023-03-12,108354.86
E1,3,2024-03-02,105775.37
E1,5,2022-04-15,117563.78
E1,4,2023-05-03,116645.12
E1,4,2023-03-28,119489.18
E1,2,2023-10-29,102174.86
E1,3,2023-08-21,105960.96
E1,2,2022-04-15,102660.98
E1,3,2023-11-03,110497.69
E1,3,2023-11-09,105576.65
E1,3,2022-04-15,111713.7
E1,2,2024-04-11,108094.48
E1,5,2024-03-06,120000.0
E1,3,2024-01-19,105639.29
E1,3,2024-01-13,111039.47
E1,4,2022-12-23,119305.69
E1,3,2024-03-09,107275.15
E1,3,2023-12-25,107981.97
E1,5,2022-04-15,118358.56
E1,5,2024-03-08,115945.19
E1,2,2023-02-18,107190.22
E1,4,2024-02-11,119862.07
E1,2,2023-07-06,101185.26
E1,3,2023-12-21,111655.37
E1,5,2024-03-08,120000.0
E1,2,2024-04-07,105663.78
E1,3,2024-01-31,110242.55
E1,5,2023-10-08,115865.49
E1,4,2024-01-03,117497.08
E1,1,2023-08-06,95640.84
E1,3,2022-11-19,112362.74
E1,1,2023-05-22,97540.5
E1,3,2023-12-12,113395.83
E1,2,2024-03-28,105625.24
E1,2,2023-03-10,108304.07
E1,3,2022-04-15,113426.3
E1,4,2022-04-15,115786.11
E1,3,2023-06-22,110386.56
E1,2,2023-11-04,102704.27
E1,3,2024-03-01,112530.51
E1,2,2023-02-15,104779.04
E1,3,2024-02-21,109535.35
E1,3,2024-02-04,111152.42
E1,2,2023-11-05,105290.81
E1,4,2022-06-20,112272.97
E1,4,2024-02-07,116456.3
E1,5,2022-09-23,120000.0
E1,3,2024-03-17,107977.35
E1,5,2024-03-25,119214.17
E1,4,2023-05-27,110357.12
E1,2,2023-03-18,101114.59
E1,3,2024-04-02,108919.03
E1,5,2022-04-15,120000.0
E1,3,2023-06-18,106258.93
E1,3,2023-07-29,106728.69
E1,5,2024-03-12,116705.6
E1,3,2024-02-18,108906.02
E1,1,2022-05-20,103530.33
E1,4,2022-11-30,117394.45
E1,2,2023-08-08,106569.59
E1,3,2023-02-26,109583.02
E1,3,2022-12-15,105899.11
E1,3,2023-04-02,106494.7
E1,3,2024-01-31,105207.14
E1,3,2023-08-06,108835.53
E1,3,2023-11-02,106000.99
E1,3,2023-11-28,110834.54
E1,2,2024-02-19,103902.23
E1,4,2023-10-16,114960.78
E1,3,2024-04-12,108617.39
E1,3,2024-04-04,108284.68
E1,3,2023-11-03,111626.95
E1,3,2024-02-19,114051.91
E1,3,2024-01-22,108020.25
E1,3,2023-05-17,114929.56
E1,3,2023-11-29,111069.53
E1,3,2023-06-27,110276.01
E1,3,2024-02-02,109942.5
E1,4,2022-04-15,119788.05
E1,2,2023-12-13,109935.36
E1,1,2023-10-16,97828.0
E1,1,2024-01-06,101751.31
E1,4,2023-07-03,111817.52
E1,4,2024-04-06,117777.56
E1,3,2024-02-23,107922.0
E1,3,2023-11-17,110589.5
E1,1,2023-10-24,102208.82
E1,3,2023-11-05,105727.64
E1,2,2022-10-25,100088.51
E1,4,2022-04-15,116106.0
E1,3,2024-04-05,105107.57
E1,3,2023-08-06,111423.05
E1,3,2024-02-08,111074.61
E1,4,2024-04-06,115913.2
E1,4,2022-07-11,115095.15
E1,3,2023-09-14,111825.62
E1,1,2022-04-15,101890.89
E1,3,2024-03-24,111186.13
E1,2,2024-01-13,102594.83
E1,3,2023-07-19,106244.7
E1,2,2024-02-09,107612.41
E1,3,2023-10-28,113361.69
E1,4,2023-07-08,114496.73
E1,1,2023-01-09,99282.55
E1,3,2023-09-25,107337.95
E1,2,2023-06-28,100382.05
E1,3,2023-11-02,114953.0
E1,1,2023-04-18,101452.35
E1,4,2024-01-26,114151.39
E1,3,2024-03-30,106324.18
E1,3,2023-09-30,107057.32
E1,4,2024-03-22,115666.58
E1,1,2024-04-13,103637.75
E1,3,2023-11-24,112706.51
E1,4,2022-05-04,119823.86
E1,4,2024-01-30,118417.66
E1,4,2024-03-07,113976.81
E1,1,2024-03-18,101191.48
E1,4,2023-12-25,119811.19
E1,3,2024-04-04,105009.39
E1,3,2023-05-15,106910.24
E1,5,2023-07-23,120000.0
E1,3,2023-10-19,110289.49
E1,3,2022-12-23,107140.23
E1,3,2023-02-17,110376.75
E1,5,2023-10-11,119220.29
E1,3,2023-06-29,112168.12
E1,3,2024-03-02,106696.4
E1,4,2023-07-29,112155.33
E1,3,2022-08-18,113124.97
E1,3,2023-07-02,107304.17
E1,4,2022-12-31,115491.63
E1,1,2024-03-26,102069.69
E1,3,2024-03-17,108763.46
E1,1,2023-07-20,103341.57
E1,2,2024-01-08,108224.84
E1,3,2022-12-25,112664.73
E1,3,2023-11-03,113625.69
E1,4,2024-03-03,112436.06
E1,3,2023-11-28,112279.38
E1,4,2022-06-11,116347.12
E1,4,2022-04-15,112228.02
E1,3,2023-08-16,106385.02
E1,5,2023-04-12,120000.0
E1,2,2024-03-10,108057.93
E1,3,2023-11-27,109352.23
E1,2,2023-06-06,104571.28
E1,3,2023-06-13,108993.63
E1,1,2023-09-11,99800.42
E1,2,2023-10-11,107132.56
E1,2,2024-01-14,102710.23
E1,1,2023-09-01,97651.84
E1,1,2024-01-03,96212.16
E1,4,2024-03-15,110220.37
E1,1,2024-01-08,98264.45
E1,3,2022-10-13,109948.91
E1,4,2023-12-21,115150.62
E1,2,2022-06-22,103590.66
E1,2,2024-01-28,104173.39
E1,2,2024-02-16,102253.54
E1,3,2023-12-30,113405.27
E1,3,2024-02-19,114872.8
E1,3,2023-10-03,106243.69
E1,3,2023-10-13,111153.7
E1,2,2024-03-21,108928.38
E1,2,2024-02-06,100546.89
E1,2,2024-03-27,108440.42
E1,3,2022-04-15,111995.64
E1,4,2023-12-03,114077.16
E1,4,2023-10-24,112087.25
E1,3,2023-05-22,114557.38
E1,1,2022-04-15,104059.28
E1,5,2023-05-04,120000.0
E1,2,2024-01-25,106075.03
E1,1,2023-04-25,101834.72
E1,3,2023-05-14,112685.13
E1,3,2024-03-01,113829.27
E1,2,2024-01-12,106557.97
E1,4,2024-04-14,110048.29
E1,3,2024-01-07,112360.39
E1,5,2023-08-18,117612.44
E1,3,2023-07-25,109630.63
E1,3,2024-04-12,112246.05
E1,2,2023-02-12,102761.95
E1,4,2023-11-03,111961.31
E1,4,2023-06-04,116428.03
E1,1,2022-11-01,104448.82
E1,3,2023-05-31,112326.15
E1,1,2023-12-29,102890.39
E1,2,2022-10-07,105130.69
E1,3,2022-05-27,111108.8
E1,3,2023-10-15,106949.14
E1,3,2024-04-13,111499.78
E1,3,2023-01-15,111331.01
E1,2,2023-04-07,109091.55
E1,2,2023-07-13,100251.68
E1,3,2024-01-09,110871.45
E1,2,2023-05-14,105624.5
E1,3,2023-09-20,107100.43
E1,1,2022-09-15,103182.14
E1,3,2023-11-07,107848.18
E1,4,2023-09-26,113988.03
E1,3,2024-01-10,107115.63
E1,3,2023-08-11,112444.7
E1,3,2022-09-30,111487.19
E1,3,2023-10-27,105187.42
E1,3,2023-10-13,114896.28
E1,3,2023-07-13,107646.78
E1,3,2024-04-06,106850.2
E1,1,2023-03-20,99551.68
E1,2,2024-04-09,105683.93
E1,3,2022-10-11,113198.14
E1,3,2022-08-23,106676.19
E1,2,2023-11-03,102968.28
E1,4,2023-06-15,118092.61
E1,3,2023-10-12,114752.5
E1,4,2023-11-14,111725.64
E1,4,2023-12-13,117206.27
E1,3,2024-01-31,108543.12
E1,3,2023-10-10,106601.45
E1,5,2023-12-03,118918.93
E1,3,2023-12-18,110783.17
E1,2,2022-04-15,107048.4
E1,3,2024-02-29,105068.84
E1,2,2023-06-24,102018.21
E1,3,2023-02-28,108706.12
E1,3,2024-04-12,113889.06
E1,3,2024-04-10,111107.0
E1,1,2024-03-01,102166.78
E1,2,2023-05-25,102648.97
E1,3,2023-09-09,105992.53
E1,3,2023-07-14,112862.12
E1,5,2023-07-30,120000.0
E1,3,2023-10-25,114363.37
E1,3,2023-09-24,111745.73
E1,2,2023-12-17,109752.26
E1,3,2024-03-18,106698.35
E1,5,2024-03-11,120000.0
E1,2,2023-12-01,101508.03
E1,5,2023-10-16,117184.93
E1,3,2023-12-02,112660.2
E1,3,2024-03-25,114579.02
E1,1,2024-04-02,101824.55
E1,4,2023-12-11,113742.82
E1,3,2023-05-18,109472.72
E1,1,2023-12-28,104751.87
E1,2,2023-10-05,104701.93
E1,3,2023-09-25,107768.5
E1,3,2023-08-16,110832.29
E1,3,2023-01-22,107514.54
E1,2,2023-07-24,102069.93
E1,1,2023-11-12,98017.15
E1,4,2022-11-21,114752.82
E1,5,2023-08-17,117685.08
E1,3,2024-03-24,105551.49
E1,2,2023-06-15,104548.31
E1,2,2024-02-27,104331.58
E1,3,2023-08-27,105368.28
E1,5,2023-12-08,120000.0
E1,2,2024-01-30,102389.98
E1,1,2023-08-12,103541.09
E1,3,2023-11-23,105920.6
E1,1,2023-10-20,101421.82
E1,2,2024-02-11,106406.91
E1,3,2023-10-13,113378.27
E1,5,2024-04-01,120000.0
E1,3,2023-06-26,106662.12
E1,3,2024-01-27,112038.6
E1,4,2023-08-23,113872.98
E1,3,2022-12-02,108633.93
E1,1,2024-02-15,96393.77
E1,3,2023-09-23,108216.0
E1,1,2024-01-29,104709.83
E1,3,2023-08-19,113314.26
E1,5,2024-03-16,120000.0
E1,3,2023-12-27,113843.99
E1,5,2023-11-29,119462.54
E1,4,2022-12-09,111639.27
E1,2,2023-08-23,108130.5
E1,2,2023-05-19,106923.75
E1,4,2024-03-14,119337.5
E1,5,2022-07-26,118910.76
E1,3,2023-07-01,113484.12
E1,1,2023-10-12,103342.32
E1,3,2022-04-15,111029.64
E1,5,2023-03-12,118168.58
E1,2,2023-07-21,102900.17
E1,4,2023-05-11,111071.77
E1,3,2024-03-28,113560.19
E1,3,2023-12-09,108995.75
E1,3,2024-03-07,107531.04
E1,5,2022-12-12,120000.0
E1,4,2024-04-05,111521.92
E1,5,2023-10-21,119855.69
E1,3,2023-08-06,114353.55
E1,1,2023-01-08,102170.09
E1,3,2023-08-04,114365.95
E1,4,2022-04-15,110792.9
E1,5,2023-08-03,119623.38
E1,2,2023-08-01,107346.76
E1,3,2024-02-02,110334.93
E1,3,2024-01-08,114117.23
E1,3,2024-03-25,107539.95
E1,3,2023-09-18,106784.37
E1,3,2024-03-28,110216.86
E1,4,2024-01-16,116471.55
E1,2,2023-12-29,105976.25
E1,3,2024-03-16,109255.67
E1,4,2024-03-20,112702.91
E1,2,2024-01-06,103011.03
E1,3,2023-10-05,110661.64
E1,1,2022-09-04,99734.67
E1,5,2024-01-13,120000.0
E1,3,2024-01-03,113810.61
E1,3,2023-11-22,113383.67
E1,3,2023-09-08,109668.52
E1,3,2023-12-14,114847.2
E1,2,2024-02-03,105806.22
E1,3,2023-06-11,109246.33
E1,4,2024-01-22,118644.27
E1,3,2024-03-22,112690.38
E1,5,2022-08-24,120000.0
E1,5,2023-01-06,120000.0
E1,3,2023-10-29,108293.72
E1,3,2024-02-01,107827.05
E1,4,2024-03-06,117831.45
E1,3,2024-02-08,107817.58
E1,5,2022-04-15,119894.49
E1,3,2023-07-11,109056.66
E1,2,2024-03-06,105576.69
E1,3,2024-02-14,111400.71
E1,5,2024-02-18,120000.0
E1,3,2022-04-15,107484.65
E1,2,2024-03-16,108993.95
E1,5,2023-10-09,120000.0
E1,3,2023-03-17,110007.24
E1,4,2022-10-09,116988.38
E1,3,2023-07-17,114426.03
E1,1,2023-12-14,98655.33
E1,5,2024-01-11,116411.05